Run	Sample Characteristic[cultivar]	Sample Characteristic Ontology Term[cultivar]	Sample Characteristic[developmental stage]	Sample Characteristic Ontology Term[developmental stage]	Sample Characteristic[organism]	Sample Characteristic Ontology Term[organism]	Sample Characteristic[organism part]	Sample Characteristic Ontology Term[organism part]	Factor Value[developmental stage]	Factor Value Ontology Term[developmental stage]	Factor Value[organism part]	Factor Value Ontology Term[organism part]	Analysed
SRR1272329	Williams 82	http://www.ebi.ac.uk/efo/EFO_0007023	globular stage	http://purl.obolibrary.org/obo/PO_0001185	Glycine max	http://purl.obolibrary.org/obo/NCBITaxon_3847	embryo proper	http://purl.obolibrary.org/obo/PO_0000001	globular stage	http://purl.obolibrary.org/obo/PO_0001185	embryo proper	http://purl.obolibrary.org/obo/PO_0000001	Yes
SRR1272330	Williams 82	http://www.ebi.ac.uk/efo/EFO_0007023	globular stage	http://purl.obolibrary.org/obo/PO_0001185	Glycine max	http://purl.obolibrary.org/obo/NCBITaxon_3847	embryo proper	http://purl.obolibrary.org/obo/PO_0000001	globular stage	http://purl.obolibrary.org/obo/PO_0001185	embryo proper	http://purl.obolibrary.org/obo/PO_0000001	Yes
SRR1272331	Williams 82	http://www.ebi.ac.uk/efo/EFO_0007023	globular stage	http://purl.obolibrary.org/obo/PO_0001185	Glycine max	http://purl.obolibrary.org/obo/NCBITaxon_3847	embryo proper	http://purl.obolibrary.org/obo/PO_0000001	globular stage	http://purl.obolibrary.org/obo/PO_0001185	embryo proper	http://purl.obolibrary.org/obo/PO_0000001	Yes
SRR1272332	Williams 82	http://www.ebi.ac.uk/efo/EFO_0007023	globular stage	http://purl.obolibrary.org/obo/PO_0001185	Glycine max	http://purl.obolibrary.org/obo/NCBITaxon_3847	embryo proper	http://purl.obolibrary.org/obo/PO_0000001	globular stage	http://purl.obolibrary.org/obo/PO_0001185	embryo proper	http://purl.obolibrary.org/obo/PO_0000001	Yes
SRR1272333	Williams 82	http://www.ebi.ac.uk/efo/EFO_0007023	globular stage	http://purl.obolibrary.org/obo/PO_0001185	Glycine max	http://purl.obolibrary.org/obo/NCBITaxon_3847	embryo proper	http://purl.obolibrary.org/obo/PO_0000001	globular stage	http://purl.obolibrary.org/obo/PO_0001185	embryo proper	http://purl.obolibrary.org/obo/PO_0000001	Yes
SRR1272334	Williams 82	http://www.ebi.ac.uk/efo/EFO_0007023	globular stage	http://purl.obolibrary.org/obo/PO_0001185	Glycine max	http://purl.obolibrary.org/obo/NCBITaxon_3847	endosperm	http://purl.obolibrary.org/obo/PO_0009089	globular stage	http://purl.obolibrary.org/obo/PO_0001185	endosperm	http://purl.obolibrary.org/obo/PO_0009089	Yes
SRR1272335	Williams 82	http://www.ebi.ac.uk/efo/EFO_0007023	globular stage	http://purl.obolibrary.org/obo/PO_0001185	Glycine max	http://purl.obolibrary.org/obo/NCBITaxon_3847	endosperm	http://purl.obolibrary.org/obo/PO_0009089	globular stage	http://purl.obolibrary.org/obo/PO_0001185	endosperm	http://purl.obolibrary.org/obo/PO_0009089	Yes
SRR1272336	Williams 82	http://www.ebi.ac.uk/efo/EFO_0007023	globular stage	http://purl.obolibrary.org/obo/PO_0001185	Glycine max	http://purl.obolibrary.org/obo/NCBITaxon_3847	endosperm	http://purl.obolibrary.org/obo/PO_0009089	globular stage	http://purl.obolibrary.org/obo/PO_0001185	endosperm	http://purl.obolibrary.org/obo/PO_0009089	Yes
SRR1272337	Williams 82	http://www.ebi.ac.uk/efo/EFO_0007023	globular stage	http://purl.obolibrary.org/obo/PO_0001185	Glycine max	http://purl.obolibrary.org/obo/NCBITaxon_3847	endosperm	http://purl.obolibrary.org/obo/PO_0009089	globular stage	http://purl.obolibrary.org/obo/PO_0001185	endosperm	http://purl.obolibrary.org/obo/PO_0009089	Yes
SRR1272338	Williams 82	http://www.ebi.ac.uk/efo/EFO_0007023	globular stage	http://purl.obolibrary.org/obo/PO_0001185	Glycine max	http://purl.obolibrary.org/obo/NCBITaxon_3847	endosperm	http://purl.obolibrary.org/obo/PO_0009089	globular stage	http://purl.obolibrary.org/obo/PO_0001185	endosperm	http://purl.obolibrary.org/obo/PO_0009089	Yes
SRR1272339	Williams 82	http://www.ebi.ac.uk/efo/EFO_0007023	globular stage	http://purl.obolibrary.org/obo/PO_0001185	Glycine max	http://purl.obolibrary.org/obo/NCBITaxon_3847	endosperm	http://purl.obolibrary.org/obo/PO_0009089	globular stage	http://purl.obolibrary.org/obo/PO_0001185	endosperm	http://purl.obolibrary.org/obo/PO_0009089	Yes
SRR1272340	Williams 82	http://www.ebi.ac.uk/efo/EFO_0007023	globular stage	http://purl.obolibrary.org/obo/PO_0001185	Glycine max	http://purl.obolibrary.org/obo/NCBITaxon_3847	seed coat endothelium		globular stage	http://purl.obolibrary.org/obo/PO_0001185	seed coat endothelium		Yes
SRR1272341	Williams 82	http://www.ebi.ac.uk/efo/EFO_0007023	globular stage	http://purl.obolibrary.org/obo/PO_0001185	Glycine max	http://purl.obolibrary.org/obo/NCBITaxon_3847	seed coat endothelium		globular stage	http://purl.obolibrary.org/obo/PO_0001185	seed coat endothelium		Yes
SRR1272342	Williams 82	http://www.ebi.ac.uk/efo/EFO_0007023	globular stage	http://purl.obolibrary.org/obo/PO_0001185	Glycine max	http://purl.obolibrary.org/obo/NCBITaxon_3847	seed coat endothelium		globular stage	http://purl.obolibrary.org/obo/PO_0001185	seed coat endothelium		Yes
SRR1272343	Williams 82	http://www.ebi.ac.uk/efo/EFO_0007023	globular stage	http://purl.obolibrary.org/obo/PO_0001185	Glycine max	http://purl.obolibrary.org/obo/NCBITaxon_3847	seed coat endothelium		globular stage	http://purl.obolibrary.org/obo/PO_0001185	seed coat endothelium		Yes
SRR1272344	Williams 82	http://www.ebi.ac.uk/efo/EFO_0007023	globular stage	http://purl.obolibrary.org/obo/PO_0001185	Glycine max	http://purl.obolibrary.org/obo/NCBITaxon_3847	seed coat endothelium		globular stage	http://purl.obolibrary.org/obo/PO_0001185	seed coat endothelium		Yes
SRR1272345	Williams 82	http://www.ebi.ac.uk/efo/EFO_0007023	globular stage	http://purl.obolibrary.org/obo/PO_0001185	Glycine max	http://purl.obolibrary.org/obo/NCBITaxon_3847	seed coat epidermis	http://purl.obolibrary.org/obo/PO_0006048	globular stage	http://purl.obolibrary.org/obo/PO_0001185	seed coat epidermis	http://purl.obolibrary.org/obo/PO_0006048	Yes
SRR1272346	Williams 82	http://www.ebi.ac.uk/efo/EFO_0007023	globular stage	http://purl.obolibrary.org/obo/PO_0001185	Glycine max	http://purl.obolibrary.org/obo/NCBITaxon_3847	seed coat epidermis	http://purl.obolibrary.org/obo/PO_0006048	globular stage	http://purl.obolibrary.org/obo/PO_0001185	seed coat epidermis	http://purl.obolibrary.org/obo/PO_0006048	Yes
SRR1272347	Williams 82	http://www.ebi.ac.uk/efo/EFO_0007023	globular stage	http://purl.obolibrary.org/obo/PO_0001185	Glycine max	http://purl.obolibrary.org/obo/NCBITaxon_3847	seed coat epidermis	http://purl.obolibrary.org/obo/PO_0006048	globular stage	http://purl.obolibrary.org/obo/PO_0001185	seed coat epidermis	http://purl.obolibrary.org/obo/PO_0006048	Yes
SRR1272348	Williams 82	http://www.ebi.ac.uk/efo/EFO_0007023	globular stage	http://purl.obolibrary.org/obo/PO_0001185	Glycine max	http://purl.obolibrary.org/obo/NCBITaxon_3847	seed coat epidermis	http://purl.obolibrary.org/obo/PO_0006048	globular stage	http://purl.obolibrary.org/obo/PO_0001185	seed coat epidermis	http://purl.obolibrary.org/obo/PO_0006048	Yes
SRR1272349	Williams 82	http://www.ebi.ac.uk/efo/EFO_0007023	globular stage	http://purl.obolibrary.org/obo/PO_0001185	Glycine max	http://purl.obolibrary.org/obo/NCBITaxon_3847	seed coat epidermis	http://purl.obolibrary.org/obo/PO_0006048	globular stage	http://purl.obolibrary.org/obo/PO_0001185	seed coat epidermis	http://purl.obolibrary.org/obo/PO_0006048	Yes
SRR1272350	Williams 82	http://www.ebi.ac.uk/efo/EFO_0007023	globular stage	http://purl.obolibrary.org/obo/PO_0001185	Glycine max	http://purl.obolibrary.org/obo/NCBITaxon_3847	hilum	http://purl.obolibrary.org/obo/PO_0020063	globular stage	http://purl.obolibrary.org/obo/PO_0001185	hilum	http://purl.obolibrary.org/obo/PO_0020063	Yes
SRR1272351	Williams 82	http://www.ebi.ac.uk/efo/EFO_0007023	globular stage	http://purl.obolibrary.org/obo/PO_0001185	Glycine max	http://purl.obolibrary.org/obo/NCBITaxon_3847	hilum	http://purl.obolibrary.org/obo/PO_0020063	globular stage	http://purl.obolibrary.org/obo/PO_0001185	hilum	http://purl.obolibrary.org/obo/PO_0020063	Yes
SRR1272352	Williams 82	http://www.ebi.ac.uk/efo/EFO_0007023	globular stage	http://purl.obolibrary.org/obo/PO_0001185	Glycine max	http://purl.obolibrary.org/obo/NCBITaxon_3847	hilum	http://purl.obolibrary.org/obo/PO_0020063	globular stage	http://purl.obolibrary.org/obo/PO_0001185	hilum	http://purl.obolibrary.org/obo/PO_0020063	Yes
SRR1272353	Williams 82	http://www.ebi.ac.uk/efo/EFO_0007023	globular stage	http://purl.obolibrary.org/obo/PO_0001185	Glycine max	http://purl.obolibrary.org/obo/NCBITaxon_3847	hilum	http://purl.obolibrary.org/obo/PO_0020063	globular stage	http://purl.obolibrary.org/obo/PO_0001185	hilum	http://purl.obolibrary.org/obo/PO_0020063	Yes
SRR1272354	Williams 82	http://www.ebi.ac.uk/efo/EFO_0007023	globular stage	http://purl.obolibrary.org/obo/PO_0001185	Glycine max	http://purl.obolibrary.org/obo/NCBITaxon_3847	inner integument	http://purl.obolibrary.org/obo/PO_0020022	globular stage	http://purl.obolibrary.org/obo/PO_0001185	inner integument	http://purl.obolibrary.org/obo/PO_0020022	Yes
SRR1272355	Williams 82	http://www.ebi.ac.uk/efo/EFO_0007023	globular stage	http://purl.obolibrary.org/obo/PO_0001185	Glycine max	http://purl.obolibrary.org/obo/NCBITaxon_3847	inner integument	http://purl.obolibrary.org/obo/PO_0020022	globular stage	http://purl.obolibrary.org/obo/PO_0001185	inner integument	http://purl.obolibrary.org/obo/PO_0020022	Yes
SRR1272356	Williams 82	http://www.ebi.ac.uk/efo/EFO_0007023	globular stage	http://purl.obolibrary.org/obo/PO_0001185	Glycine max	http://purl.obolibrary.org/obo/NCBITaxon_3847	inner integument	http://purl.obolibrary.org/obo/PO_0020022	globular stage	http://purl.obolibrary.org/obo/PO_0001185	inner integument	http://purl.obolibrary.org/obo/PO_0020022	Yes
SRR1272357	Williams 82	http://www.ebi.ac.uk/efo/EFO_0007023	globular stage	http://purl.obolibrary.org/obo/PO_0001185	Glycine max	http://purl.obolibrary.org/obo/NCBITaxon_3847	inner integument	http://purl.obolibrary.org/obo/PO_0020022	globular stage	http://purl.obolibrary.org/obo/PO_0001185	inner integument	http://purl.obolibrary.org/obo/PO_0020022	Yes
SRR1272358	Williams 82	http://www.ebi.ac.uk/efo/EFO_0007023	globular stage	http://purl.obolibrary.org/obo/PO_0001185	Glycine max	http://purl.obolibrary.org/obo/NCBITaxon_3847	inner integument	http://purl.obolibrary.org/obo/PO_0020022	globular stage	http://purl.obolibrary.org/obo/PO_0001185	inner integument	http://purl.obolibrary.org/obo/PO_0020022	Yes
SRR1272359	Williams 82	http://www.ebi.ac.uk/efo/EFO_0007023	globular stage	http://purl.obolibrary.org/obo/PO_0001185	Glycine max	http://purl.obolibrary.org/obo/NCBITaxon_3847	inner integument	http://purl.obolibrary.org/obo/PO_0020022	globular stage	http://purl.obolibrary.org/obo/PO_0001185	inner integument	http://purl.obolibrary.org/obo/PO_0020022	Yes
SRR1272360	Williams 82	http://www.ebi.ac.uk/efo/EFO_0007023	globular stage	http://purl.obolibrary.org/obo/PO_0001185	Glycine max	http://purl.obolibrary.org/obo/NCBITaxon_3847	inner integument	http://purl.obolibrary.org/obo/PO_0020022	globular stage	http://purl.obolibrary.org/obo/PO_0001185	inner integument	http://purl.obolibrary.org/obo/PO_0020022	Yes
SRR1272361	Williams 82	http://www.ebi.ac.uk/efo/EFO_0007023	globular stage	http://purl.obolibrary.org/obo/PO_0001185	Glycine max	http://purl.obolibrary.org/obo/NCBITaxon_3847	outer integument	http://purl.obolibrary.org/obo/PO_0020023	globular stage	http://purl.obolibrary.org/obo/PO_0001185	outer integument	http://purl.obolibrary.org/obo/PO_0020023	Yes
SRR1272362	Williams 82	http://www.ebi.ac.uk/efo/EFO_0007023	globular stage	http://purl.obolibrary.org/obo/PO_0001185	Glycine max	http://purl.obolibrary.org/obo/NCBITaxon_3847	outer integument	http://purl.obolibrary.org/obo/PO_0020023	globular stage	http://purl.obolibrary.org/obo/PO_0001185	outer integument	http://purl.obolibrary.org/obo/PO_0020023	Yes
SRR1272363	Williams 82	http://www.ebi.ac.uk/efo/EFO_0007023	globular stage	http://purl.obolibrary.org/obo/PO_0001185	Glycine max	http://purl.obolibrary.org/obo/NCBITaxon_3847	outer integument	http://purl.obolibrary.org/obo/PO_0020023	globular stage	http://purl.obolibrary.org/obo/PO_0001185	outer integument	http://purl.obolibrary.org/obo/PO_0020023	Yes
SRR1272364	Williams 82	http://www.ebi.ac.uk/efo/EFO_0007023	globular stage	http://purl.obolibrary.org/obo/PO_0001185	Glycine max	http://purl.obolibrary.org/obo/NCBITaxon_3847	outer integument	http://purl.obolibrary.org/obo/PO_0020023	globular stage	http://purl.obolibrary.org/obo/PO_0001185	outer integument	http://purl.obolibrary.org/obo/PO_0020023	Yes
SRR1272365	Williams 82	http://www.ebi.ac.uk/efo/EFO_0007023	globular stage	http://purl.obolibrary.org/obo/PO_0001185	Glycine max	http://purl.obolibrary.org/obo/NCBITaxon_3847	outer integument	http://purl.obolibrary.org/obo/PO_0020023	globular stage	http://purl.obolibrary.org/obo/PO_0001185	outer integument	http://purl.obolibrary.org/obo/PO_0020023	Yes
SRR1272366	Williams 82	http://www.ebi.ac.uk/efo/EFO_0007023	globular stage	http://purl.obolibrary.org/obo/PO_0001185	Glycine max	http://purl.obolibrary.org/obo/NCBITaxon_3847	outer integument	http://purl.obolibrary.org/obo/PO_0020023	globular stage	http://purl.obolibrary.org/obo/PO_0001185	outer integument	http://purl.obolibrary.org/obo/PO_0020023	Yes
SRR1272367	Williams 82	http://www.ebi.ac.uk/efo/EFO_0007023	globular stage	http://purl.obolibrary.org/obo/PO_0001185	Glycine max	http://purl.obolibrary.org/obo/NCBITaxon_3847	suspensor	http://purl.obolibrary.org/obo/PO_0020108	globular stage	http://purl.obolibrary.org/obo/PO_0001185	suspensor	http://purl.obolibrary.org/obo/PO_0020108	Yes
SRR1272368	Williams 82	http://www.ebi.ac.uk/efo/EFO_0007023	globular stage	http://purl.obolibrary.org/obo/PO_0001185	Glycine max	http://purl.obolibrary.org/obo/NCBITaxon_3847	suspensor	http://purl.obolibrary.org/obo/PO_0020108	globular stage	http://purl.obolibrary.org/obo/PO_0001185	suspensor	http://purl.obolibrary.org/obo/PO_0020108	Yes
SRR1272369	Williams 82	http://www.ebi.ac.uk/efo/EFO_0007023	globular stage	http://purl.obolibrary.org/obo/PO_0001185	Glycine max	http://purl.obolibrary.org/obo/NCBITaxon_3847	suspensor	http://purl.obolibrary.org/obo/PO_0020108	globular stage	http://purl.obolibrary.org/obo/PO_0001185	suspensor	http://purl.obolibrary.org/obo/PO_0020108	Yes
SRR1272370	Williams 82	http://www.ebi.ac.uk/efo/EFO_0007023	globular stage	http://purl.obolibrary.org/obo/PO_0001185	Glycine max	http://purl.obolibrary.org/obo/NCBITaxon_3847	suspensor	http://purl.obolibrary.org/obo/PO_0020108	globular stage	http://purl.obolibrary.org/obo/PO_0001185	suspensor	http://purl.obolibrary.org/obo/PO_0020108	Yes
SRR1272371	Williams 82	http://www.ebi.ac.uk/efo/EFO_0007023	globular stage	http://purl.obolibrary.org/obo/PO_0001185	Glycine max	http://purl.obolibrary.org/obo/NCBITaxon_3847	suspensor	http://purl.obolibrary.org/obo/PO_0020108	globular stage	http://purl.obolibrary.org/obo/PO_0001185	suspensor	http://purl.obolibrary.org/obo/PO_0020108	Yes
SRR1272372	Williams 82	http://www.ebi.ac.uk/efo/EFO_0007023	heart stage		Glycine max	http://purl.obolibrary.org/obo/NCBITaxon_3847	embryo proper	http://purl.obolibrary.org/obo/PO_0000001	heart stage		embryo proper	http://purl.obolibrary.org/obo/PO_0000001	Yes
SRR1272373	Williams 82	http://www.ebi.ac.uk/efo/EFO_0007023	heart stage		Glycine max	http://purl.obolibrary.org/obo/NCBITaxon_3847	embryo proper	http://purl.obolibrary.org/obo/PO_0000001	heart stage		embryo proper	http://purl.obolibrary.org/obo/PO_0000001	Yes
SRR1272374	Williams 82	http://www.ebi.ac.uk/efo/EFO_0007023	heart stage		Glycine max	http://purl.obolibrary.org/obo/NCBITaxon_3847	embryo proper	http://purl.obolibrary.org/obo/PO_0000001	heart stage		embryo proper	http://purl.obolibrary.org/obo/PO_0000001	Yes
SRR1272375	Williams 82	http://www.ebi.ac.uk/efo/EFO_0007023	heart stage		Glycine max	http://purl.obolibrary.org/obo/NCBITaxon_3847	embryo proper	http://purl.obolibrary.org/obo/PO_0000001	heart stage		embryo proper	http://purl.obolibrary.org/obo/PO_0000001	Yes
SRR1272376	Williams 82	http://www.ebi.ac.uk/efo/EFO_0007023	heart stage		Glycine max	http://purl.obolibrary.org/obo/NCBITaxon_3847	embryo proper	http://purl.obolibrary.org/obo/PO_0000001	heart stage		embryo proper	http://purl.obolibrary.org/obo/PO_0000001	Yes
SRR1272377	Williams 82	http://www.ebi.ac.uk/efo/EFO_0007023	heart stage		Glycine max	http://purl.obolibrary.org/obo/NCBITaxon_3847	endosperm	http://purl.obolibrary.org/obo/PO_0009089	heart stage		endosperm	http://purl.obolibrary.org/obo/PO_0009089	Yes
SRR1272378	Williams 82	http://www.ebi.ac.uk/efo/EFO_0007023	heart stage		Glycine max	http://purl.obolibrary.org/obo/NCBITaxon_3847	endosperm	http://purl.obolibrary.org/obo/PO_0009089	heart stage		endosperm	http://purl.obolibrary.org/obo/PO_0009089	Yes
SRR1272379	Williams 82	http://www.ebi.ac.uk/efo/EFO_0007023	heart stage		Glycine max	http://purl.obolibrary.org/obo/NCBITaxon_3847	endosperm	http://purl.obolibrary.org/obo/PO_0009089	heart stage		endosperm	http://purl.obolibrary.org/obo/PO_0009089	Yes
SRR1272380	Williams 82	http://www.ebi.ac.uk/efo/EFO_0007023	heart stage		Glycine max	http://purl.obolibrary.org/obo/NCBITaxon_3847	endosperm	http://purl.obolibrary.org/obo/PO_0009089	heart stage		endosperm	http://purl.obolibrary.org/obo/PO_0009089	Yes
SRR1272381	Williams 82	http://www.ebi.ac.uk/efo/EFO_0007023	heart stage		Glycine max	http://purl.obolibrary.org/obo/NCBITaxon_3847	endosperm	http://purl.obolibrary.org/obo/PO_0009089	heart stage		endosperm	http://purl.obolibrary.org/obo/PO_0009089	Yes
SRR1272382	Williams 82	http://www.ebi.ac.uk/efo/EFO_0007023	heart stage		Glycine max	http://purl.obolibrary.org/obo/NCBITaxon_3847	endosperm	http://purl.obolibrary.org/obo/PO_0009089	heart stage		endosperm	http://purl.obolibrary.org/obo/PO_0009089	Yes
SRR1272383	Williams 82	http://www.ebi.ac.uk/efo/EFO_0007023	heart stage		Glycine max	http://purl.obolibrary.org/obo/NCBITaxon_3847	seed coat endothelium		heart stage		seed coat endothelium		Yes
SRR1272384	Williams 82	http://www.ebi.ac.uk/efo/EFO_0007023	heart stage		Glycine max	http://purl.obolibrary.org/obo/NCBITaxon_3847	seed coat endothelium		heart stage		seed coat endothelium		Yes
SRR1272385	Williams 82	http://www.ebi.ac.uk/efo/EFO_0007023	heart stage		Glycine max	http://purl.obolibrary.org/obo/NCBITaxon_3847	seed coat endothelium		heart stage		seed coat endothelium		Yes
SRR1272386	Williams 82	http://www.ebi.ac.uk/efo/EFO_0007023	heart stage		Glycine max	http://purl.obolibrary.org/obo/NCBITaxon_3847	seed coat endothelium		heart stage		seed coat endothelium		Yes
SRR1272387	Williams 82	http://www.ebi.ac.uk/efo/EFO_0007023	heart stage		Glycine max	http://purl.obolibrary.org/obo/NCBITaxon_3847	seed coat endothelium		heart stage		seed coat endothelium		Yes
SRR1272388	Williams 82	http://www.ebi.ac.uk/efo/EFO_0007023	heart stage		Glycine max	http://purl.obolibrary.org/obo/NCBITaxon_3847	seed coat epidermis	http://purl.obolibrary.org/obo/PO_0006048	heart stage		seed coat epidermis	http://purl.obolibrary.org/obo/PO_0006048	Yes
SRR1272389	Williams 82	http://www.ebi.ac.uk/efo/EFO_0007023	heart stage		Glycine max	http://purl.obolibrary.org/obo/NCBITaxon_3847	seed coat epidermis	http://purl.obolibrary.org/obo/PO_0006048	heart stage		seed coat epidermis	http://purl.obolibrary.org/obo/PO_0006048	Yes
SRR1272390	Williams 82	http://www.ebi.ac.uk/efo/EFO_0007023	heart stage		Glycine max	http://purl.obolibrary.org/obo/NCBITaxon_3847	seed coat epidermis	http://purl.obolibrary.org/obo/PO_0006048	heart stage		seed coat epidermis	http://purl.obolibrary.org/obo/PO_0006048	Yes
SRR1272391	Williams 82	http://www.ebi.ac.uk/efo/EFO_0007023	heart stage		Glycine max	http://purl.obolibrary.org/obo/NCBITaxon_3847	seed coat epidermis	http://purl.obolibrary.org/obo/PO_0006048	heart stage		seed coat epidermis	http://purl.obolibrary.org/obo/PO_0006048	Yes
SRR1272392	Williams 82	http://www.ebi.ac.uk/efo/EFO_0007023	heart stage		Glycine max	http://purl.obolibrary.org/obo/NCBITaxon_3847	seed coat epidermis	http://purl.obolibrary.org/obo/PO_0006048	heart stage		seed coat epidermis	http://purl.obolibrary.org/obo/PO_0006048	Yes
SRR1272393	Williams 82	http://www.ebi.ac.uk/efo/EFO_0007023	heart stage		Glycine max	http://purl.obolibrary.org/obo/NCBITaxon_3847	hilum	http://purl.obolibrary.org/obo/PO_0020063	heart stage		hilum	http://purl.obolibrary.org/obo/PO_0020063	Yes
SRR1272394	Williams 82	http://www.ebi.ac.uk/efo/EFO_0007023	heart stage		Glycine max	http://purl.obolibrary.org/obo/NCBITaxon_3847	hilum	http://purl.obolibrary.org/obo/PO_0020063	heart stage		hilum	http://purl.obolibrary.org/obo/PO_0020063	Yes
SRR1272395	Williams 82	http://www.ebi.ac.uk/efo/EFO_0007023	heart stage		Glycine max	http://purl.obolibrary.org/obo/NCBITaxon_3847	hilum	http://purl.obolibrary.org/obo/PO_0020063	heart stage		hilum	http://purl.obolibrary.org/obo/PO_0020063	Yes
SRR1272396	Williams 82	http://www.ebi.ac.uk/efo/EFO_0007023	heart stage		Glycine max	http://purl.obolibrary.org/obo/NCBITaxon_3847	hilum	http://purl.obolibrary.org/obo/PO_0020063	heart stage		hilum	http://purl.obolibrary.org/obo/PO_0020063	Yes
SRR1272397	Williams 82	http://www.ebi.ac.uk/efo/EFO_0007023	heart stage		Glycine max	http://purl.obolibrary.org/obo/NCBITaxon_3847	hilum	http://purl.obolibrary.org/obo/PO_0020063	heart stage		hilum	http://purl.obolibrary.org/obo/PO_0020063	Yes
SRR1272398	Williams 82	http://www.ebi.ac.uk/efo/EFO_0007023	heart stage		Glycine max	http://purl.obolibrary.org/obo/NCBITaxon_3847	hilum	http://purl.obolibrary.org/obo/PO_0020063	heart stage		hilum	http://purl.obolibrary.org/obo/PO_0020063	Yes
SRR1272399	Williams 82	http://www.ebi.ac.uk/efo/EFO_0007023	heart stage		Glycine max	http://purl.obolibrary.org/obo/NCBITaxon_3847	inner integument	http://purl.obolibrary.org/obo/PO_0020022	heart stage		inner integument	http://purl.obolibrary.org/obo/PO_0020022	Yes
SRR1272400	Williams 82	http://www.ebi.ac.uk/efo/EFO_0007023	heart stage		Glycine max	http://purl.obolibrary.org/obo/NCBITaxon_3847	inner integument	http://purl.obolibrary.org/obo/PO_0020022	heart stage		inner integument	http://purl.obolibrary.org/obo/PO_0020022	Yes
SRR1272401	Williams 82	http://www.ebi.ac.uk/efo/EFO_0007023	heart stage		Glycine max	http://purl.obolibrary.org/obo/NCBITaxon_3847	inner integument	http://purl.obolibrary.org/obo/PO_0020022	heart stage		inner integument	http://purl.obolibrary.org/obo/PO_0020022	Yes
SRR1272402	Williams 82	http://www.ebi.ac.uk/efo/EFO_0007023	heart stage		Glycine max	http://purl.obolibrary.org/obo/NCBITaxon_3847	inner integument	http://purl.obolibrary.org/obo/PO_0020022	heart stage		inner integument	http://purl.obolibrary.org/obo/PO_0020022	Yes
SRR1272403	Williams 82	http://www.ebi.ac.uk/efo/EFO_0007023	heart stage		Glycine max	http://purl.obolibrary.org/obo/NCBITaxon_3847	inner integument	http://purl.obolibrary.org/obo/PO_0020022	heart stage		inner integument	http://purl.obolibrary.org/obo/PO_0020022	Yes
SRR1272404	Williams 82	http://www.ebi.ac.uk/efo/EFO_0007023	heart stage		Glycine max	http://purl.obolibrary.org/obo/NCBITaxon_3847	outer integument	http://purl.obolibrary.org/obo/PO_0020023	heart stage		outer integument	http://purl.obolibrary.org/obo/PO_0020023	Yes
SRR1272405	Williams 82	http://www.ebi.ac.uk/efo/EFO_0007023	heart stage		Glycine max	http://purl.obolibrary.org/obo/NCBITaxon_3847	outer integument	http://purl.obolibrary.org/obo/PO_0020023	heart stage		outer integument	http://purl.obolibrary.org/obo/PO_0020023	Yes
SRR1272406	Williams 82	http://www.ebi.ac.uk/efo/EFO_0007023	heart stage		Glycine max	http://purl.obolibrary.org/obo/NCBITaxon_3847	outer integument	http://purl.obolibrary.org/obo/PO_0020023	heart stage		outer integument	http://purl.obolibrary.org/obo/PO_0020023	Yes
SRR1272407	Williams 82	http://www.ebi.ac.uk/efo/EFO_0007023	heart stage		Glycine max	http://purl.obolibrary.org/obo/NCBITaxon_3847	outer integument	http://purl.obolibrary.org/obo/PO_0020023	heart stage		outer integument	http://purl.obolibrary.org/obo/PO_0020023	Yes
SRR1272408	Williams 82	http://www.ebi.ac.uk/efo/EFO_0007023	heart stage		Glycine max	http://purl.obolibrary.org/obo/NCBITaxon_3847	outer integument	http://purl.obolibrary.org/obo/PO_0020023	heart stage		outer integument	http://purl.obolibrary.org/obo/PO_0020023	Yes
SRR1272409	Williams 82	http://www.ebi.ac.uk/efo/EFO_0007023	heart stage		Glycine max	http://purl.obolibrary.org/obo/NCBITaxon_3847	outer integument	http://purl.obolibrary.org/obo/PO_0020023	heart stage		outer integument	http://purl.obolibrary.org/obo/PO_0020023	Yes
SRR1272410	Williams 82	http://www.ebi.ac.uk/efo/EFO_0007023	heart stage		Glycine max	http://purl.obolibrary.org/obo/NCBITaxon_3847	suspensor	http://purl.obolibrary.org/obo/PO_0020108	heart stage		suspensor	http://purl.obolibrary.org/obo/PO_0020108	Yes
SRR1272411	Williams 82	http://www.ebi.ac.uk/efo/EFO_0007023	heart stage		Glycine max	http://purl.obolibrary.org/obo/NCBITaxon_3847	suspensor	http://purl.obolibrary.org/obo/PO_0020108	heart stage		suspensor	http://purl.obolibrary.org/obo/PO_0020108	Yes
SRR1272412	Williams 82	http://www.ebi.ac.uk/efo/EFO_0007023	heart stage		Glycine max	http://purl.obolibrary.org/obo/NCBITaxon_3847	suspensor	http://purl.obolibrary.org/obo/PO_0020108	heart stage		suspensor	http://purl.obolibrary.org/obo/PO_0020108	Yes
SRR1272413	Williams 82	http://www.ebi.ac.uk/efo/EFO_0007023	heart stage		Glycine max	http://purl.obolibrary.org/obo/NCBITaxon_3847	suspensor	http://purl.obolibrary.org/obo/PO_0020108	heart stage		suspensor	http://purl.obolibrary.org/obo/PO_0020108	Yes
SRR1272414	Williams 82	http://www.ebi.ac.uk/efo/EFO_0007023	heart stage		Glycine max	http://purl.obolibrary.org/obo/NCBITaxon_3847	suspensor	http://purl.obolibrary.org/obo/PO_0020108	heart stage		suspensor	http://purl.obolibrary.org/obo/PO_0020108	Yes
SRR1284502	Williams 82	http://www.ebi.ac.uk/efo/EFO_0007023	cotyledon stage	http://purl.obolibrary.org/obo/PO_0007049	Glycine max	http://purl.obolibrary.org/obo/NCBITaxon_3847	embryo proper	http://purl.obolibrary.org/obo/PO_0000001	cotyledon stage	http://purl.obolibrary.org/obo/PO_0007049	embryo proper	http://purl.obolibrary.org/obo/PO_0000001	Yes
SRR1284503	Williams 82	http://www.ebi.ac.uk/efo/EFO_0007023	cotyledon stage	http://purl.obolibrary.org/obo/PO_0007049	Glycine max	http://purl.obolibrary.org/obo/NCBITaxon_3847	embryo proper	http://purl.obolibrary.org/obo/PO_0000001	cotyledon stage	http://purl.obolibrary.org/obo/PO_0007049	embryo proper	http://purl.obolibrary.org/obo/PO_0000001	Yes
SRR1284504	Williams 82	http://www.ebi.ac.uk/efo/EFO_0007023	cotyledon stage	http://purl.obolibrary.org/obo/PO_0007049	Glycine max	http://purl.obolibrary.org/obo/NCBITaxon_3847	embryo proper	http://purl.obolibrary.org/obo/PO_0000001	cotyledon stage	http://purl.obolibrary.org/obo/PO_0007049	embryo proper	http://purl.obolibrary.org/obo/PO_0000001	Yes
SRR1284505	Williams 82	http://www.ebi.ac.uk/efo/EFO_0007023	cotyledon stage	http://purl.obolibrary.org/obo/PO_0007049	Glycine max	http://purl.obolibrary.org/obo/NCBITaxon_3847	embryo proper	http://purl.obolibrary.org/obo/PO_0000001	cotyledon stage	http://purl.obolibrary.org/obo/PO_0007049	embryo proper	http://purl.obolibrary.org/obo/PO_0000001	Yes
SRR1284506	Williams 82	http://www.ebi.ac.uk/efo/EFO_0007023	cotyledon stage	http://purl.obolibrary.org/obo/PO_0007049	Glycine max	http://purl.obolibrary.org/obo/NCBITaxon_3847	embryo proper	http://purl.obolibrary.org/obo/PO_0000001	cotyledon stage	http://purl.obolibrary.org/obo/PO_0007049	embryo proper	http://purl.obolibrary.org/obo/PO_0000001	Yes
SRR1284507	Williams 82	http://www.ebi.ac.uk/efo/EFO_0007023	cotyledon stage	http://purl.obolibrary.org/obo/PO_0007049	Glycine max	http://purl.obolibrary.org/obo/NCBITaxon_3847	embryo proper	http://purl.obolibrary.org/obo/PO_0000001	cotyledon stage	http://purl.obolibrary.org/obo/PO_0007049	embryo proper	http://purl.obolibrary.org/obo/PO_0000001	Yes
SRR1284508	Williams 82	http://www.ebi.ac.uk/efo/EFO_0007023	cotyledon stage	http://purl.obolibrary.org/obo/PO_0007049	Glycine max	http://purl.obolibrary.org/obo/NCBITaxon_3847	embryo proper	http://purl.obolibrary.org/obo/PO_0000001	cotyledon stage	http://purl.obolibrary.org/obo/PO_0007049	embryo proper	http://purl.obolibrary.org/obo/PO_0000001	Yes
SRR1284509	Williams 82	http://www.ebi.ac.uk/efo/EFO_0007023	cotyledon stage	http://purl.obolibrary.org/obo/PO_0007049	Glycine max	http://purl.obolibrary.org/obo/NCBITaxon_3847	embryo proper	http://purl.obolibrary.org/obo/PO_0000001	cotyledon stage	http://purl.obolibrary.org/obo/PO_0007049	embryo proper	http://purl.obolibrary.org/obo/PO_0000001	Yes
SRR1284510	Williams 82	http://www.ebi.ac.uk/efo/EFO_0007023	cotyledon stage	http://purl.obolibrary.org/obo/PO_0007049	Glycine max	http://purl.obolibrary.org/obo/NCBITaxon_3847	embryo proper axis	http://purl.obolibrary.org/obo/PO_0019018	cotyledon stage	http://purl.obolibrary.org/obo/PO_0007049	embryo proper axis	http://purl.obolibrary.org/obo/PO_0019018	Yes
SRR1284511	Williams 82	http://www.ebi.ac.uk/efo/EFO_0007023	cotyledon stage	http://purl.obolibrary.org/obo/PO_0007049	Glycine max	http://purl.obolibrary.org/obo/NCBITaxon_3847	embryo proper axis	http://purl.obolibrary.org/obo/PO_0019018	cotyledon stage	http://purl.obolibrary.org/obo/PO_0007049	embryo proper axis	http://purl.obolibrary.org/obo/PO_0019018	Yes
SRR1284512	Williams 82	http://www.ebi.ac.uk/efo/EFO_0007023	cotyledon stage	http://purl.obolibrary.org/obo/PO_0007049	Glycine max	http://purl.obolibrary.org/obo/NCBITaxon_3847	embryo proper axis	http://purl.obolibrary.org/obo/PO_0019018	cotyledon stage	http://purl.obolibrary.org/obo/PO_0007049	embryo proper axis	http://purl.obolibrary.org/obo/PO_0019018	Yes
SRR1284513	Williams 82	http://www.ebi.ac.uk/efo/EFO_0007023	cotyledon stage	http://purl.obolibrary.org/obo/PO_0007049	Glycine max	http://purl.obolibrary.org/obo/NCBITaxon_3847	embryo proper axis	http://purl.obolibrary.org/obo/PO_0019018	cotyledon stage	http://purl.obolibrary.org/obo/PO_0007049	embryo proper axis	http://purl.obolibrary.org/obo/PO_0019018	Yes
SRR1284514	Williams 82	http://www.ebi.ac.uk/efo/EFO_0007023	cotyledon stage	http://purl.obolibrary.org/obo/PO_0007049	Glycine max	http://purl.obolibrary.org/obo/NCBITaxon_3847	embryo proper axis	http://purl.obolibrary.org/obo/PO_0019018	cotyledon stage	http://purl.obolibrary.org/obo/PO_0007049	embryo proper axis	http://purl.obolibrary.org/obo/PO_0019018	Yes
SRR1284515	Williams 82	http://www.ebi.ac.uk/efo/EFO_0007023	cotyledon stage	http://purl.obolibrary.org/obo/PO_0007049	Glycine max	http://purl.obolibrary.org/obo/NCBITaxon_3847	embryo proper axis	http://purl.obolibrary.org/obo/PO_0019018	cotyledon stage	http://purl.obolibrary.org/obo/PO_0007049	embryo proper axis	http://purl.obolibrary.org/obo/PO_0019018	Yes
SRR1284516	Williams 82	http://www.ebi.ac.uk/efo/EFO_0007023	cotyledon stage	http://purl.obolibrary.org/obo/PO_0007049	Glycine max	http://purl.obolibrary.org/obo/NCBITaxon_3847	embryo proper axis	http://purl.obolibrary.org/obo/PO_0019018	cotyledon stage	http://purl.obolibrary.org/obo/PO_0007049	embryo proper axis	http://purl.obolibrary.org/obo/PO_0019018	Yes
SRR1284517	Williams 82	http://www.ebi.ac.uk/efo/EFO_0007023	cotyledon stage	http://purl.obolibrary.org/obo/PO_0007049	Glycine max	http://purl.obolibrary.org/obo/NCBITaxon_3847	embryo proper axis	http://purl.obolibrary.org/obo/PO_0019018	cotyledon stage	http://purl.obolibrary.org/obo/PO_0007049	embryo proper axis	http://purl.obolibrary.org/obo/PO_0019018	Yes
SRR1284518	Williams 82	http://www.ebi.ac.uk/efo/EFO_0007023	cotyledon stage	http://purl.obolibrary.org/obo/PO_0007049	Glycine max	http://purl.obolibrary.org/obo/NCBITaxon_3847	embryo proper cotyledon	http://purl.obolibrary.org/obo/PO_0025470	cotyledon stage	http://purl.obolibrary.org/obo/PO_0007049	embryo proper cotyledon	http://purl.obolibrary.org/obo/PO_0025470	Yes
SRR1284519	Williams 82	http://www.ebi.ac.uk/efo/EFO_0007023	cotyledon stage	http://purl.obolibrary.org/obo/PO_0007049	Glycine max	http://purl.obolibrary.org/obo/NCBITaxon_3847	embryo proper cotyledon	http://purl.obolibrary.org/obo/PO_0025470	cotyledon stage	http://purl.obolibrary.org/obo/PO_0007049	embryo proper cotyledon	http://purl.obolibrary.org/obo/PO_0025470	Yes
SRR1284520	Williams 82	http://www.ebi.ac.uk/efo/EFO_0007023	cotyledon stage	http://purl.obolibrary.org/obo/PO_0007049	Glycine max	http://purl.obolibrary.org/obo/NCBITaxon_3847	embryo proper cotyledon	http://purl.obolibrary.org/obo/PO_0025470	cotyledon stage	http://purl.obolibrary.org/obo/PO_0007049	embryo proper cotyledon	http://purl.obolibrary.org/obo/PO_0025470	Yes
SRR1284521	Williams 82	http://www.ebi.ac.uk/efo/EFO_0007023	cotyledon stage	http://purl.obolibrary.org/obo/PO_0007049	Glycine max	http://purl.obolibrary.org/obo/NCBITaxon_3847	embryo proper cotyledon	http://purl.obolibrary.org/obo/PO_0025470	cotyledon stage	http://purl.obolibrary.org/obo/PO_0007049	embryo proper cotyledon	http://purl.obolibrary.org/obo/PO_0025470	Yes
SRR1284522	Williams 82	http://www.ebi.ac.uk/efo/EFO_0007023	cotyledon stage	http://purl.obolibrary.org/obo/PO_0007049	Glycine max	http://purl.obolibrary.org/obo/NCBITaxon_3847	endosperm	http://purl.obolibrary.org/obo/PO_0009089	cotyledon stage	http://purl.obolibrary.org/obo/PO_0007049	endosperm	http://purl.obolibrary.org/obo/PO_0009089	Yes
SRR1284523	Williams 82	http://www.ebi.ac.uk/efo/EFO_0007023	cotyledon stage	http://purl.obolibrary.org/obo/PO_0007049	Glycine max	http://purl.obolibrary.org/obo/NCBITaxon_3847	endosperm	http://purl.obolibrary.org/obo/PO_0009089	cotyledon stage	http://purl.obolibrary.org/obo/PO_0007049	endosperm	http://purl.obolibrary.org/obo/PO_0009089	Yes
SRR1284524	Williams 82	http://www.ebi.ac.uk/efo/EFO_0007023	cotyledon stage	http://purl.obolibrary.org/obo/PO_0007049	Glycine max	http://purl.obolibrary.org/obo/NCBITaxon_3847	endosperm	http://purl.obolibrary.org/obo/PO_0009089	cotyledon stage	http://purl.obolibrary.org/obo/PO_0007049	endosperm	http://purl.obolibrary.org/obo/PO_0009089	Yes
SRR1284525	Williams 82	http://www.ebi.ac.uk/efo/EFO_0007023	cotyledon stage	http://purl.obolibrary.org/obo/PO_0007049	Glycine max	http://purl.obolibrary.org/obo/NCBITaxon_3847	endosperm	http://purl.obolibrary.org/obo/PO_0009089	cotyledon stage	http://purl.obolibrary.org/obo/PO_0007049	endosperm	http://purl.obolibrary.org/obo/PO_0009089	Yes
SRR1284526	Williams 82	http://www.ebi.ac.uk/efo/EFO_0007023	cotyledon stage	http://purl.obolibrary.org/obo/PO_0007049	Glycine max	http://purl.obolibrary.org/obo/NCBITaxon_3847	endosperm	http://purl.obolibrary.org/obo/PO_0009089	cotyledon stage	http://purl.obolibrary.org/obo/PO_0007049	endosperm	http://purl.obolibrary.org/obo/PO_0009089	Yes
SRR1284527	Williams 82	http://www.ebi.ac.uk/efo/EFO_0007023	cotyledon stage	http://purl.obolibrary.org/obo/PO_0007049	Glycine max	http://purl.obolibrary.org/obo/NCBITaxon_3847	seed coat endothelium		cotyledon stage	http://purl.obolibrary.org/obo/PO_0007049	seed coat endothelium		Yes
SRR1284528	Williams 82	http://www.ebi.ac.uk/efo/EFO_0007023	cotyledon stage	http://purl.obolibrary.org/obo/PO_0007049	Glycine max	http://purl.obolibrary.org/obo/NCBITaxon_3847	seed coat endothelium		cotyledon stage	http://purl.obolibrary.org/obo/PO_0007049	seed coat endothelium		Yes
SRR1284529	Williams 82	http://www.ebi.ac.uk/efo/EFO_0007023	cotyledon stage	http://purl.obolibrary.org/obo/PO_0007049	Glycine max	http://purl.obolibrary.org/obo/NCBITaxon_3847	seed coat endothelium		cotyledon stage	http://purl.obolibrary.org/obo/PO_0007049	seed coat endothelium		Yes
SRR1284530	Williams 82	http://www.ebi.ac.uk/efo/EFO_0007023	cotyledon stage	http://purl.obolibrary.org/obo/PO_0007049	Glycine max	http://purl.obolibrary.org/obo/NCBITaxon_3847	seed coat endothelium		cotyledon stage	http://purl.obolibrary.org/obo/PO_0007049	seed coat endothelium		Yes
SRR1284531	Williams 82	http://www.ebi.ac.uk/efo/EFO_0007023	cotyledon stage	http://purl.obolibrary.org/obo/PO_0007049	Glycine max	http://purl.obolibrary.org/obo/NCBITaxon_3847	seed coat epidermis	http://purl.obolibrary.org/obo/PO_0006048	cotyledon stage	http://purl.obolibrary.org/obo/PO_0007049	seed coat epidermis	http://purl.obolibrary.org/obo/PO_0006048	No
SRR1284532	Williams 82	http://www.ebi.ac.uk/efo/EFO_0007023	cotyledon stage	http://purl.obolibrary.org/obo/PO_0007049	Glycine max	http://purl.obolibrary.org/obo/NCBITaxon_3847	seed coat epidermis	http://purl.obolibrary.org/obo/PO_0006048	cotyledon stage	http://purl.obolibrary.org/obo/PO_0007049	seed coat epidermis	http://purl.obolibrary.org/obo/PO_0006048	Yes
SRR1284533	Williams 82	http://www.ebi.ac.uk/efo/EFO_0007023	cotyledon stage	http://purl.obolibrary.org/obo/PO_0007049	Glycine max	http://purl.obolibrary.org/obo/NCBITaxon_3847	seed coat epidermis	http://purl.obolibrary.org/obo/PO_0006048	cotyledon stage	http://purl.obolibrary.org/obo/PO_0007049	seed coat epidermis	http://purl.obolibrary.org/obo/PO_0006048	Yes
SRR1284534	Williams 82	http://www.ebi.ac.uk/efo/EFO_0007023	cotyledon stage	http://purl.obolibrary.org/obo/PO_0007049	Glycine max	http://purl.obolibrary.org/obo/NCBITaxon_3847	seed coat epidermis	http://purl.obolibrary.org/obo/PO_0006048	cotyledon stage	http://purl.obolibrary.org/obo/PO_0007049	seed coat epidermis	http://purl.obolibrary.org/obo/PO_0006048	Yes
SRR1284535	Williams 82	http://www.ebi.ac.uk/efo/EFO_0007023	cotyledon stage	http://purl.obolibrary.org/obo/PO_0007049	Glycine max	http://purl.obolibrary.org/obo/NCBITaxon_3847	hilum	http://purl.obolibrary.org/obo/PO_0020063	cotyledon stage	http://purl.obolibrary.org/obo/PO_0007049	hilum	http://purl.obolibrary.org/obo/PO_0020063	Yes
SRR1284536	Williams 82	http://www.ebi.ac.uk/efo/EFO_0007023	cotyledon stage	http://purl.obolibrary.org/obo/PO_0007049	Glycine max	http://purl.obolibrary.org/obo/NCBITaxon_3847	hilum	http://purl.obolibrary.org/obo/PO_0020063	cotyledon stage	http://purl.obolibrary.org/obo/PO_0007049	hilum	http://purl.obolibrary.org/obo/PO_0020063	Yes
SRR1284537	Williams 82	http://www.ebi.ac.uk/efo/EFO_0007023	cotyledon stage	http://purl.obolibrary.org/obo/PO_0007049	Glycine max	http://purl.obolibrary.org/obo/NCBITaxon_3847	hilum	http://purl.obolibrary.org/obo/PO_0020063	cotyledon stage	http://purl.obolibrary.org/obo/PO_0007049	hilum	http://purl.obolibrary.org/obo/PO_0020063	Yes
SRR1284538	Williams 82	http://www.ebi.ac.uk/efo/EFO_0007023	cotyledon stage	http://purl.obolibrary.org/obo/PO_0007049	Glycine max	http://purl.obolibrary.org/obo/NCBITaxon_3847	hilum	http://purl.obolibrary.org/obo/PO_0020063	cotyledon stage	http://purl.obolibrary.org/obo/PO_0007049	hilum	http://purl.obolibrary.org/obo/PO_0020063	Yes
SRR1284539	Williams 82	http://www.ebi.ac.uk/efo/EFO_0007023	cotyledon stage	http://purl.obolibrary.org/obo/PO_0007049	Glycine max	http://purl.obolibrary.org/obo/NCBITaxon_3847	hilum	http://purl.obolibrary.org/obo/PO_0020063	cotyledon stage	http://purl.obolibrary.org/obo/PO_0007049	hilum	http://purl.obolibrary.org/obo/PO_0020063	Yes
SRR1284540	Williams 82	http://www.ebi.ac.uk/efo/EFO_0007023	cotyledon stage	http://purl.obolibrary.org/obo/PO_0007049	Glycine max	http://purl.obolibrary.org/obo/NCBITaxon_3847	hilum	http://purl.obolibrary.org/obo/PO_0020063	cotyledon stage	http://purl.obolibrary.org/obo/PO_0007049	hilum	http://purl.obolibrary.org/obo/PO_0020063	Yes
SRR1284541	Williams 82	http://www.ebi.ac.uk/efo/EFO_0007023	cotyledon stage	http://purl.obolibrary.org/obo/PO_0007049	Glycine max	http://purl.obolibrary.org/obo/NCBITaxon_3847	inner integument	http://purl.obolibrary.org/obo/PO_0020022	cotyledon stage	http://purl.obolibrary.org/obo/PO_0007049	inner integument	http://purl.obolibrary.org/obo/PO_0020022	Yes
SRR1284542	Williams 82	http://www.ebi.ac.uk/efo/EFO_0007023	cotyledon stage	http://purl.obolibrary.org/obo/PO_0007049	Glycine max	http://purl.obolibrary.org/obo/NCBITaxon_3847	inner integument	http://purl.obolibrary.org/obo/PO_0020022	cotyledon stage	http://purl.obolibrary.org/obo/PO_0007049	inner integument	http://purl.obolibrary.org/obo/PO_0020022	Yes
SRR1284543	Williams 82	http://www.ebi.ac.uk/efo/EFO_0007023	cotyledon stage	http://purl.obolibrary.org/obo/PO_0007049	Glycine max	http://purl.obolibrary.org/obo/NCBITaxon_3847	inner integument	http://purl.obolibrary.org/obo/PO_0020022	cotyledon stage	http://purl.obolibrary.org/obo/PO_0007049	inner integument	http://purl.obolibrary.org/obo/PO_0020022	Yes
SRR1284544	Williams 82	http://www.ebi.ac.uk/efo/EFO_0007023	cotyledon stage	http://purl.obolibrary.org/obo/PO_0007049	Glycine max	http://purl.obolibrary.org/obo/NCBITaxon_3847	inner integument	http://purl.obolibrary.org/obo/PO_0020022	cotyledon stage	http://purl.obolibrary.org/obo/PO_0007049	inner integument	http://purl.obolibrary.org/obo/PO_0020022	Yes
SRR1284545	Williams 82	http://www.ebi.ac.uk/efo/EFO_0007023	cotyledon stage	http://purl.obolibrary.org/obo/PO_0007049	Glycine max	http://purl.obolibrary.org/obo/NCBITaxon_3847	outer integument	http://purl.obolibrary.org/obo/PO_0020023	cotyledon stage	http://purl.obolibrary.org/obo/PO_0007049	outer integument	http://purl.obolibrary.org/obo/PO_0020023	Yes
SRR1284546	Williams 82	http://www.ebi.ac.uk/efo/EFO_0007023	cotyledon stage	http://purl.obolibrary.org/obo/PO_0007049	Glycine max	http://purl.obolibrary.org/obo/NCBITaxon_3847	outer integument	http://purl.obolibrary.org/obo/PO_0020023	cotyledon stage	http://purl.obolibrary.org/obo/PO_0007049	outer integument	http://purl.obolibrary.org/obo/PO_0020023	Yes
SRR1284547	Williams 82	http://www.ebi.ac.uk/efo/EFO_0007023	cotyledon stage	http://purl.obolibrary.org/obo/PO_0007049	Glycine max	http://purl.obolibrary.org/obo/NCBITaxon_3847	outer integument	http://purl.obolibrary.org/obo/PO_0020023	cotyledon stage	http://purl.obolibrary.org/obo/PO_0007049	outer integument	http://purl.obolibrary.org/obo/PO_0020023	Yes
SRR1284548	Williams 82	http://www.ebi.ac.uk/efo/EFO_0007023	cotyledon stage	http://purl.obolibrary.org/obo/PO_0007049	Glycine max	http://purl.obolibrary.org/obo/NCBITaxon_3847	suspensor	http://purl.obolibrary.org/obo/PO_0020108	cotyledon stage	http://purl.obolibrary.org/obo/PO_0007049	suspensor	http://purl.obolibrary.org/obo/PO_0020108	Yes
SRR1284549	Williams 82	http://www.ebi.ac.uk/efo/EFO_0007023	cotyledon stage	http://purl.obolibrary.org/obo/PO_0007049	Glycine max	http://purl.obolibrary.org/obo/NCBITaxon_3847	suspensor	http://purl.obolibrary.org/obo/PO_0020108	cotyledon stage	http://purl.obolibrary.org/obo/PO_0007049	suspensor	http://purl.obolibrary.org/obo/PO_0020108	Yes
SRR1284550	Williams 82	http://www.ebi.ac.uk/efo/EFO_0007023	cotyledon stage	http://purl.obolibrary.org/obo/PO_0007049	Glycine max	http://purl.obolibrary.org/obo/NCBITaxon_3847	suspensor	http://purl.obolibrary.org/obo/PO_0020108	cotyledon stage	http://purl.obolibrary.org/obo/PO_0007049	suspensor	http://purl.obolibrary.org/obo/PO_0020108	Yes
SRR1284551	Williams 82	http://www.ebi.ac.uk/efo/EFO_0007023	cotyledon stage	http://purl.obolibrary.org/obo/PO_0007049	Glycine max	http://purl.obolibrary.org/obo/NCBITaxon_3847	suspensor	http://purl.obolibrary.org/obo/PO_0020108	cotyledon stage	http://purl.obolibrary.org/obo/PO_0007049	suspensor	http://purl.obolibrary.org/obo/PO_0020108	Yes
SRR1287986	Williams 82	http://www.ebi.ac.uk/efo/EFO_0007023	early maturation stage		Glycine max	http://purl.obolibrary.org/obo/NCBITaxon_3847	root tip	http://purl.obolibrary.org/obo/PO_0000025	early maturation stage		root tip	http://purl.obolibrary.org/obo/PO_0000025	Yes
SRR1287987	Williams 82	http://www.ebi.ac.uk/efo/EFO_0007023	early maturation stage		Glycine max	http://purl.obolibrary.org/obo/NCBITaxon_3847	axis vasculature		early maturation stage		axis vasculature		Yes
SRR1298602	Williams 82	http://www.ebi.ac.uk/efo/EFO_0007023	early maturation stage		Glycine max	http://purl.obolibrary.org/obo/NCBITaxon_3847	axis epidermis		early maturation stage		axis epidermis		Yes
SRR1298603	Williams 82	http://www.ebi.ac.uk/efo/EFO_0007023	early maturation stage		Glycine max	http://purl.obolibrary.org/obo/NCBITaxon_3847	axis epidermis		early maturation stage		axis epidermis		Yes
SRR1298604	Williams 82	http://www.ebi.ac.uk/efo/EFO_0007023	early maturation stage		Glycine max	http://purl.obolibrary.org/obo/NCBITaxon_3847	axis epidermis		early maturation stage		axis epidermis		Yes
SRR1298605	Williams 82	http://www.ebi.ac.uk/efo/EFO_0007023	early maturation stage		Glycine max	http://purl.obolibrary.org/obo/NCBITaxon_3847	axis epidermis		early maturation stage		axis epidermis		Yes
SRR1298606	Williams 82	http://www.ebi.ac.uk/efo/EFO_0007023	early maturation stage		Glycine max	http://purl.obolibrary.org/obo/NCBITaxon_3847	axis epidermis		early maturation stage		axis epidermis		Yes
SRR1298607	Williams 82	http://www.ebi.ac.uk/efo/EFO_0007023	early maturation stage		Glycine max	http://purl.obolibrary.org/obo/NCBITaxon_3847	axis plumule		early maturation stage		axis plumule		Yes
SRR1298608	Williams 82	http://www.ebi.ac.uk/efo/EFO_0007023	early maturation stage		Glycine max	http://purl.obolibrary.org/obo/NCBITaxon_3847	axis plumule		early maturation stage		axis plumule		Yes
SRR1298609	Williams 82	http://www.ebi.ac.uk/efo/EFO_0007023	early maturation stage		Glycine max	http://purl.obolibrary.org/obo/NCBITaxon_3847	axis plumule		early maturation stage		axis plumule		Yes
SRR1298610	Williams 82	http://www.ebi.ac.uk/efo/EFO_0007023	early maturation stage		Glycine max	http://purl.obolibrary.org/obo/NCBITaxon_3847	axis plumule		early maturation stage		axis plumule		Yes
SRR1298611	Williams 82	http://www.ebi.ac.uk/efo/EFO_0007023	early maturation stage		Glycine max	http://purl.obolibrary.org/obo/NCBITaxon_3847	axis plumule		early maturation stage		axis plumule		Yes
SRR1298612	Williams 82	http://www.ebi.ac.uk/efo/EFO_0007023	early maturation stage		Glycine max	http://purl.obolibrary.org/obo/NCBITaxon_3847	axis plumule		early maturation stage		axis plumule		Yes
SRR1298613	Williams 82	http://www.ebi.ac.uk/efo/EFO_0007023	early maturation stage		Glycine max	http://purl.obolibrary.org/obo/NCBITaxon_3847	axis plumule		early maturation stage		axis plumule		Yes
SRR1298614	Williams 82	http://www.ebi.ac.uk/efo/EFO_0007023	early maturation stage		Glycine max	http://purl.obolibrary.org/obo/NCBITaxon_3847	axis plumule		early maturation stage		axis plumule		Yes
SRR1298615	Williams 82	http://www.ebi.ac.uk/efo/EFO_0007023	early maturation stage		Glycine max	http://purl.obolibrary.org/obo/NCBITaxon_3847	axis plumule		early maturation stage		axis plumule		Yes
SRR1298616	Williams 82	http://www.ebi.ac.uk/efo/EFO_0007023	early maturation stage		Glycine max	http://purl.obolibrary.org/obo/NCBITaxon_3847	axis plumule		early maturation stage		axis plumule		Yes
SRR1298617	Williams 82	http://www.ebi.ac.uk/efo/EFO_0007023	early maturation stage		Glycine max	http://purl.obolibrary.org/obo/NCBITaxon_3847	axis plumule		early maturation stage		axis plumule		Yes
SRR1298618	Williams 82	http://www.ebi.ac.uk/efo/EFO_0007023	early maturation stage		Glycine max	http://purl.obolibrary.org/obo/NCBITaxon_3847	axis plumule		early maturation stage		axis plumule		Yes
SRR1298619	Williams 82	http://www.ebi.ac.uk/efo/EFO_0007023	early maturation stage		Glycine max	http://purl.obolibrary.org/obo/NCBITaxon_3847	axis plumule		early maturation stage		axis plumule		Yes
SRR1298620	Williams 82	http://www.ebi.ac.uk/efo/EFO_0007023	early maturation stage		Glycine max	http://purl.obolibrary.org/obo/NCBITaxon_3847	axis plumule		early maturation stage		axis plumule		Yes
SRR1298621	Williams 82	http://www.ebi.ac.uk/efo/EFO_0007023	early maturation stage		Glycine max	http://purl.obolibrary.org/obo/NCBITaxon_3847	axis plumule		early maturation stage		axis plumule		Yes
SRR1298622	Williams 82	http://www.ebi.ac.uk/efo/EFO_0007023	early maturation stage		Glycine max	http://purl.obolibrary.org/obo/NCBITaxon_3847	root tip	http://purl.obolibrary.org/obo/PO_0000025	early maturation stage		root tip	http://purl.obolibrary.org/obo/PO_0000025	Yes
SRR1298623	Williams 82	http://www.ebi.ac.uk/efo/EFO_0007023	early maturation stage		Glycine max	http://purl.obolibrary.org/obo/NCBITaxon_3847	root tip	http://purl.obolibrary.org/obo/PO_0000025	early maturation stage		root tip	http://purl.obolibrary.org/obo/PO_0000025	Yes
SRR1298624	Williams 82	http://www.ebi.ac.uk/efo/EFO_0007023	early maturation stage		Glycine max	http://purl.obolibrary.org/obo/NCBITaxon_3847	root tip	http://purl.obolibrary.org/obo/PO_0000025	early maturation stage		root tip	http://purl.obolibrary.org/obo/PO_0000025	Yes
SRR1298625	Williams 82	http://www.ebi.ac.uk/efo/EFO_0007023	early maturation stage		Glycine max	http://purl.obolibrary.org/obo/NCBITaxon_3847	root tip	http://purl.obolibrary.org/obo/PO_0000025	early maturation stage		root tip	http://purl.obolibrary.org/obo/PO_0000025	Yes
SRR1298626	Williams 82	http://www.ebi.ac.uk/efo/EFO_0007023	early maturation stage		Glycine max	http://purl.obolibrary.org/obo/NCBITaxon_3847	root tip	http://purl.obolibrary.org/obo/PO_0000025	early maturation stage		root tip	http://purl.obolibrary.org/obo/PO_0000025	Yes
SRR1298627	Williams 82	http://www.ebi.ac.uk/efo/EFO_0007023	early maturation stage		Glycine max	http://purl.obolibrary.org/obo/NCBITaxon_3847	axis shoot apical meristem		early maturation stage		axis shoot apical meristem		Yes
SRR1298628	Williams 82	http://www.ebi.ac.uk/efo/EFO_0007023	early maturation stage		Glycine max	http://purl.obolibrary.org/obo/NCBITaxon_3847	axis shoot apical meristem		early maturation stage		axis shoot apical meristem		Yes
SRR1298629	Williams 82	http://www.ebi.ac.uk/efo/EFO_0007023	early maturation stage		Glycine max	http://purl.obolibrary.org/obo/NCBITaxon_3847	axis shoot apical meristem		early maturation stage		axis shoot apical meristem		Yes
SRR1298630	Williams 82	http://www.ebi.ac.uk/efo/EFO_0007023	early maturation stage		Glycine max	http://purl.obolibrary.org/obo/NCBITaxon_3847	axis shoot apical meristem		early maturation stage		axis shoot apical meristem		Yes
SRR1298631	Williams 82	http://www.ebi.ac.uk/efo/EFO_0007023	early maturation stage		Glycine max	http://purl.obolibrary.org/obo/NCBITaxon_3847	axis shoot apical meristem		early maturation stage		axis shoot apical meristem		Yes
SRR1298632	Williams 82	http://www.ebi.ac.uk/efo/EFO_0007023	early maturation stage		Glycine max	http://purl.obolibrary.org/obo/NCBITaxon_3847	axis shoot apical meristem		early maturation stage		axis shoot apical meristem		Yes
SRR1298633	Williams 82	http://www.ebi.ac.uk/efo/EFO_0007023	early maturation stage		Glycine max	http://purl.obolibrary.org/obo/NCBITaxon_3847	axis stele		early maturation stage		axis stele		Yes
SRR1298634	Williams 82	http://www.ebi.ac.uk/efo/EFO_0007023	early maturation stage		Glycine max	http://purl.obolibrary.org/obo/NCBITaxon_3847	axis stele		early maturation stage		axis stele		Yes
SRR1298635	Williams 82	http://www.ebi.ac.uk/efo/EFO_0007023	early maturation stage		Glycine max	http://purl.obolibrary.org/obo/NCBITaxon_3847	axis stele		early maturation stage		axis stele		Yes
SRR1298636	Williams 82	http://www.ebi.ac.uk/efo/EFO_0007023	early maturation stage		Glycine max	http://purl.obolibrary.org/obo/NCBITaxon_3847	axis stele		early maturation stage		axis stele		Yes
SRR1298637	Williams 82	http://www.ebi.ac.uk/efo/EFO_0007023	early maturation stage		Glycine max	http://purl.obolibrary.org/obo/NCBITaxon_3847	axis stele		early maturation stage		axis stele		Yes
SRR1298638	Williams 82	http://www.ebi.ac.uk/efo/EFO_0007023	early maturation stage		Glycine max	http://purl.obolibrary.org/obo/NCBITaxon_3847	axis stele		early maturation stage		axis stele		Yes
SRR1298639	Williams 82	http://www.ebi.ac.uk/efo/EFO_0007023	early maturation stage		Glycine max	http://purl.obolibrary.org/obo/NCBITaxon_3847	axis stele		early maturation stage		axis stele		Yes
SRR1298640	Williams 82	http://www.ebi.ac.uk/efo/EFO_0007023	early maturation stage		Glycine max	http://purl.obolibrary.org/obo/NCBITaxon_3847	axis stele		early maturation stage		axis stele		Yes
SRR1298641	Williams 82	http://www.ebi.ac.uk/efo/EFO_0007023	early maturation stage		Glycine max	http://purl.obolibrary.org/obo/NCBITaxon_3847	axis stele		early maturation stage		axis stele		Yes
SRR1298642	Williams 82	http://www.ebi.ac.uk/efo/EFO_0007023	early maturation stage		Glycine max	http://purl.obolibrary.org/obo/NCBITaxon_3847	axis stele		early maturation stage		axis stele		Yes
SRR1298643	Williams 82	http://www.ebi.ac.uk/efo/EFO_0007023	early maturation stage		Glycine max	http://purl.obolibrary.org/obo/NCBITaxon_3847	axis stele		early maturation stage		axis stele		Yes
SRR1298644	Williams 82	http://www.ebi.ac.uk/efo/EFO_0007023	early maturation stage		Glycine max	http://purl.obolibrary.org/obo/NCBITaxon_3847	axis stele		early maturation stage		axis stele		Yes
SRR1298645	Williams 82	http://www.ebi.ac.uk/efo/EFO_0007023	early maturation stage		Glycine max	http://purl.obolibrary.org/obo/NCBITaxon_3847	axis stele		early maturation stage		axis stele		Yes
SRR1298646	Williams 82	http://www.ebi.ac.uk/efo/EFO_0007023	early maturation stage		Glycine max	http://purl.obolibrary.org/obo/NCBITaxon_3847	axis stele		early maturation stage		axis stele		Yes
SRR1298647	Williams 82	http://www.ebi.ac.uk/efo/EFO_0007023	early maturation stage		Glycine max	http://purl.obolibrary.org/obo/NCBITaxon_3847	axis vasculature		early maturation stage		axis vasculature		Yes
SRR1298648	Williams 82	http://www.ebi.ac.uk/efo/EFO_0007023	early maturation stage		Glycine max	http://purl.obolibrary.org/obo/NCBITaxon_3847	axis vasculature		early maturation stage		axis vasculature		Yes
SRR1298649	Williams 82	http://www.ebi.ac.uk/efo/EFO_0007023	early maturation stage		Glycine max	http://purl.obolibrary.org/obo/NCBITaxon_3847	axis vasculature		early maturation stage		axis vasculature		Yes
SRR1298650	Williams 82	http://www.ebi.ac.uk/efo/EFO_0007023	early maturation stage		Glycine max	http://purl.obolibrary.org/obo/NCBITaxon_3847	cotyledon abaxial parenchyma	http://purl.obolibrary.org/obo/PO_0006057	early maturation stage		cotyledon abaxial parenchyma	http://purl.obolibrary.org/obo/PO_0006057	Yes
SRR1298651	Williams 82	http://www.ebi.ac.uk/efo/EFO_0007023	early maturation stage		Glycine max	http://purl.obolibrary.org/obo/NCBITaxon_3847	cotyledon abaxial parenchyma	http://purl.obolibrary.org/obo/PO_0006057	early maturation stage		cotyledon abaxial parenchyma	http://purl.obolibrary.org/obo/PO_0006057	Yes
SRR1298652	Williams 82	http://www.ebi.ac.uk/efo/EFO_0007023	early maturation stage		Glycine max	http://purl.obolibrary.org/obo/NCBITaxon_3847	cotyledon abaxial parenchyma	http://purl.obolibrary.org/obo/PO_0006057	early maturation stage		cotyledon abaxial parenchyma	http://purl.obolibrary.org/obo/PO_0006057	Yes
SRR1298653	Williams 82	http://www.ebi.ac.uk/efo/EFO_0007023	early maturation stage		Glycine max	http://purl.obolibrary.org/obo/NCBITaxon_3847	cotyledon abaxial parenchyma	http://purl.obolibrary.org/obo/PO_0006057	early maturation stage		cotyledon abaxial parenchyma	http://purl.obolibrary.org/obo/PO_0006057	Yes
SRR1298654	Williams 82	http://www.ebi.ac.uk/efo/EFO_0007023	early maturation stage		Glycine max	http://purl.obolibrary.org/obo/NCBITaxon_3847	cotyledon abaxial parenchyma	http://purl.obolibrary.org/obo/PO_0006057	early maturation stage		cotyledon abaxial parenchyma	http://purl.obolibrary.org/obo/PO_0006057	Yes
SRR1298655	Williams 82	http://www.ebi.ac.uk/efo/EFO_0007023	early maturation stage		Glycine max	http://purl.obolibrary.org/obo/NCBITaxon_3847	cotyledon abaxial parenchyma	http://purl.obolibrary.org/obo/PO_0006057	early maturation stage		cotyledon abaxial parenchyma	http://purl.obolibrary.org/obo/PO_0006057	Yes
SRR1298656	Williams 82	http://www.ebi.ac.uk/efo/EFO_0007023	early maturation stage		Glycine max	http://purl.obolibrary.org/obo/NCBITaxon_3847	cotyledon abaxial parenchyma	http://purl.obolibrary.org/obo/PO_0006057	early maturation stage		cotyledon abaxial parenchyma	http://purl.obolibrary.org/obo/PO_0006057	Yes
SRR1298657	Williams 82	http://www.ebi.ac.uk/efo/EFO_0007023	early maturation stage		Glycine max	http://purl.obolibrary.org/obo/NCBITaxon_3847	cotyledon adaxial epidermis	http://purl.obolibrary.org/obo/PO_0006058	early maturation stage		cotyledon adaxial epidermis	http://purl.obolibrary.org/obo/PO_0006058	Yes
SRR1298658	Williams 82	http://www.ebi.ac.uk/efo/EFO_0007023	early maturation stage		Glycine max	http://purl.obolibrary.org/obo/NCBITaxon_3847	cotyledon adaxial epidermis	http://purl.obolibrary.org/obo/PO_0006058	early maturation stage		cotyledon adaxial epidermis	http://purl.obolibrary.org/obo/PO_0006058	Yes
SRR1298659	Williams 82	http://www.ebi.ac.uk/efo/EFO_0007023	early maturation stage		Glycine max	http://purl.obolibrary.org/obo/NCBITaxon_3847	cotyledon adaxial epidermis	http://purl.obolibrary.org/obo/PO_0006058	early maturation stage		cotyledon adaxial epidermis	http://purl.obolibrary.org/obo/PO_0006058	Yes
SRR1298660	Williams 82	http://www.ebi.ac.uk/efo/EFO_0007023	early maturation stage		Glycine max	http://purl.obolibrary.org/obo/NCBITaxon_3847	cotyledon adaxial epidermis	http://purl.obolibrary.org/obo/PO_0006058	early maturation stage		cotyledon adaxial epidermis	http://purl.obolibrary.org/obo/PO_0006058	Yes
SRR1298661	Williams 82	http://www.ebi.ac.uk/efo/EFO_0007023	early maturation stage		Glycine max	http://purl.obolibrary.org/obo/NCBITaxon_3847	cotyledon adaxial epidermis	http://purl.obolibrary.org/obo/PO_0006058	early maturation stage		cotyledon adaxial epidermis	http://purl.obolibrary.org/obo/PO_0006058	Yes
SRR1298662	Williams 82	http://www.ebi.ac.uk/efo/EFO_0007023	early maturation stage		Glycine max	http://purl.obolibrary.org/obo/NCBITaxon_3847	cotyledon adaxial epidermis	http://purl.obolibrary.org/obo/PO_0006058	early maturation stage		cotyledon adaxial epidermis	http://purl.obolibrary.org/obo/PO_0006058	Yes
SRR1298663	Williams 82	http://www.ebi.ac.uk/efo/EFO_0007023	early maturation stage		Glycine max	http://purl.obolibrary.org/obo/NCBITaxon_3847	cotyledon adaxial epidermis	http://purl.obolibrary.org/obo/PO_0006058	early maturation stage		cotyledon adaxial epidermis	http://purl.obolibrary.org/obo/PO_0006058	Yes
SRR1298664	Williams 82	http://www.ebi.ac.uk/efo/EFO_0007023	early maturation stage		Glycine max	http://purl.obolibrary.org/obo/NCBITaxon_3847	cotyledon adaxial epidermis	http://purl.obolibrary.org/obo/PO_0006058	early maturation stage		cotyledon adaxial epidermis	http://purl.obolibrary.org/obo/PO_0006058	Yes
SRR1298665	Williams 82	http://www.ebi.ac.uk/efo/EFO_0007023	early maturation stage		Glycine max	http://purl.obolibrary.org/obo/NCBITaxon_3847	cotyledon adaxial parenchyma	http://purl.obolibrary.org/obo/PO_0006058	early maturation stage		cotyledon adaxial parenchyma	http://purl.obolibrary.org/obo/PO_0006058	Yes
SRR1298666	Williams 82	http://www.ebi.ac.uk/efo/EFO_0007023	early maturation stage		Glycine max	http://purl.obolibrary.org/obo/NCBITaxon_3847	cotyledon adaxial parenchyma	http://purl.obolibrary.org/obo/PO_0006058	early maturation stage		cotyledon adaxial parenchyma	http://purl.obolibrary.org/obo/PO_0006058	Yes
SRR1298667	Williams 82	http://www.ebi.ac.uk/efo/EFO_0007023	early maturation stage		Glycine max	http://purl.obolibrary.org/obo/NCBITaxon_3847	cotyledon adaxial parenchyma	http://purl.obolibrary.org/obo/PO_0006058	early maturation stage		cotyledon adaxial parenchyma	http://purl.obolibrary.org/obo/PO_0006058	Yes
SRR1298668	Williams 82	http://www.ebi.ac.uk/efo/EFO_0007023	early maturation stage		Glycine max	http://purl.obolibrary.org/obo/NCBITaxon_3847	cotyledon adaxial parenchyma	http://purl.obolibrary.org/obo/PO_0006058	early maturation stage		cotyledon adaxial parenchyma	http://purl.obolibrary.org/obo/PO_0006058	Yes
SRR1298669	Williams 82	http://www.ebi.ac.uk/efo/EFO_0007023	early maturation stage		Glycine max	http://purl.obolibrary.org/obo/NCBITaxon_3847	cotyledon adaxial parenchyma	http://purl.obolibrary.org/obo/PO_0006058	early maturation stage		cotyledon adaxial parenchyma	http://purl.obolibrary.org/obo/PO_0006058	Yes
SRR1298670	Williams 82	http://www.ebi.ac.uk/efo/EFO_0007023	early maturation stage		Glycine max	http://purl.obolibrary.org/obo/NCBITaxon_3847	cotyledon adaxial parenchyma	http://purl.obolibrary.org/obo/PO_0006058	early maturation stage		cotyledon adaxial parenchyma	http://purl.obolibrary.org/obo/PO_0006058	Yes
SRR1298671	Williams 82	http://www.ebi.ac.uk/efo/EFO_0007023	early maturation stage		Glycine max	http://purl.obolibrary.org/obo/NCBITaxon_3847	cotyledon adaxial parenchyma	http://purl.obolibrary.org/obo/PO_0006058	early maturation stage		cotyledon adaxial parenchyma	http://purl.obolibrary.org/obo/PO_0006058	Yes
SRR1298672	Williams 82	http://www.ebi.ac.uk/efo/EFO_0007023	early maturation stage		Glycine max	http://purl.obolibrary.org/obo/NCBITaxon_3847	cotyledon adaxial parenchyma	http://purl.obolibrary.org/obo/PO_0006058	early maturation stage		cotyledon adaxial parenchyma	http://purl.obolibrary.org/obo/PO_0006058	Yes
SRR1298673	Williams 82	http://www.ebi.ac.uk/efo/EFO_0007023	early maturation stage		Glycine max	http://purl.obolibrary.org/obo/NCBITaxon_3847	cotyledon adaxial parenchyma	http://purl.obolibrary.org/obo/PO_0006058	early maturation stage		cotyledon adaxial parenchyma	http://purl.obolibrary.org/obo/PO_0006058	Yes
SRR1298674	Williams 82	http://www.ebi.ac.uk/efo/EFO_0007023	early maturation stage		Glycine max	http://purl.obolibrary.org/obo/NCBITaxon_3847	cotyledon adaxial parenchyma	http://purl.obolibrary.org/obo/PO_0006058	early maturation stage		cotyledon adaxial parenchyma	http://purl.obolibrary.org/obo/PO_0006058	Yes
SRR1298675	Williams 82	http://www.ebi.ac.uk/efo/EFO_0007023	early maturation stage		Glycine max	http://purl.obolibrary.org/obo/NCBITaxon_3847	cotyledon adaxial parenchyma	http://purl.obolibrary.org/obo/PO_0006058	early maturation stage		cotyledon adaxial parenchyma	http://purl.obolibrary.org/obo/PO_0006058	Yes
SRR1298676	Williams 82	http://www.ebi.ac.uk/efo/EFO_0007023	early maturation stage		Glycine max	http://purl.obolibrary.org/obo/NCBITaxon_3847	cotyledon vasculature		early maturation stage		cotyledon vasculature		Yes
SRR1298677	Williams 82	http://www.ebi.ac.uk/efo/EFO_0007023	early maturation stage		Glycine max	http://purl.obolibrary.org/obo/NCBITaxon_3847	cotyledon vasculature		early maturation stage		cotyledon vasculature		Yes
SRR1298678	Williams 82	http://www.ebi.ac.uk/efo/EFO_0007023	early maturation stage		Glycine max	http://purl.obolibrary.org/obo/NCBITaxon_3847	endosperm	http://purl.obolibrary.org/obo/PO_0009089	early maturation stage		endosperm	http://purl.obolibrary.org/obo/PO_0009089	Yes
SRR1298679	Williams 82	http://www.ebi.ac.uk/efo/EFO_0007023	early maturation stage		Glycine max	http://purl.obolibrary.org/obo/NCBITaxon_3847	endosperm	http://purl.obolibrary.org/obo/PO_0009089	early maturation stage		endosperm	http://purl.obolibrary.org/obo/PO_0009089	Yes
SRR1298680	Williams 82	http://www.ebi.ac.uk/efo/EFO_0007023	early maturation stage		Glycine max	http://purl.obolibrary.org/obo/NCBITaxon_3847	endosperm	http://purl.obolibrary.org/obo/PO_0009089	early maturation stage		endosperm	http://purl.obolibrary.org/obo/PO_0009089	Yes
SRR1298681	Williams 82	http://www.ebi.ac.uk/efo/EFO_0007023	early maturation stage		Glycine max	http://purl.obolibrary.org/obo/NCBITaxon_3847	endosperm	http://purl.obolibrary.org/obo/PO_0009089	early maturation stage		endosperm	http://purl.obolibrary.org/obo/PO_0009089	Yes
SRR1298682	Williams 82	http://www.ebi.ac.uk/efo/EFO_0007023	early maturation stage		Glycine max	http://purl.obolibrary.org/obo/NCBITaxon_3847	endosperm	http://purl.obolibrary.org/obo/PO_0009089	early maturation stage		endosperm	http://purl.obolibrary.org/obo/PO_0009089	Yes
SRR1298683	Williams 82	http://www.ebi.ac.uk/efo/EFO_0007023	early maturation stage		Glycine max	http://purl.obolibrary.org/obo/NCBITaxon_3847	endosperm	http://purl.obolibrary.org/obo/PO_0009089	early maturation stage		endosperm	http://purl.obolibrary.org/obo/PO_0009089	Yes
SRR1298684	Williams 82	http://www.ebi.ac.uk/efo/EFO_0007023	early maturation stage		Glycine max	http://purl.obolibrary.org/obo/NCBITaxon_3847	seed coat palisade		early maturation stage		seed coat palisade		Yes
SRR1298685	Williams 82	http://www.ebi.ac.uk/efo/EFO_0007023	early maturation stage		Glycine max	http://purl.obolibrary.org/obo/NCBITaxon_3847	seed coat palisade		early maturation stage		seed coat palisade		Yes
SRR1298686	Williams 82	http://www.ebi.ac.uk/efo/EFO_0007023	early maturation stage		Glycine max	http://purl.obolibrary.org/obo/NCBITaxon_3847	seed coat palisade		early maturation stage		seed coat palisade		Yes
SRR1298687	Williams 82	http://www.ebi.ac.uk/efo/EFO_0007023	early maturation stage		Glycine max	http://purl.obolibrary.org/obo/NCBITaxon_3847	seed coat parenchyma		early maturation stage		seed coat parenchyma		Yes
SRR1298688	Williams 82	http://www.ebi.ac.uk/efo/EFO_0007023	early maturation stage		Glycine max	http://purl.obolibrary.org/obo/NCBITaxon_3847	seed coat parenchyma		early maturation stage		seed coat parenchyma		Yes
SRR1298689	Williams 82	http://www.ebi.ac.uk/efo/EFO_0007023	early maturation stage		Glycine max	http://purl.obolibrary.org/obo/NCBITaxon_3847	seed coat parenchyma		early maturation stage		seed coat parenchyma		Yes
SRR1298690	Williams 82	http://www.ebi.ac.uk/efo/EFO_0007023	early maturation stage		Glycine max	http://purl.obolibrary.org/obo/NCBITaxon_3847	seed coat parenchyma		early maturation stage		seed coat parenchyma		Yes
SRR1298691	Williams 82	http://www.ebi.ac.uk/efo/EFO_0007023	early maturation stage		Glycine max	http://purl.obolibrary.org/obo/NCBITaxon_3847	seed coat parenchyma		early maturation stage		seed coat parenchyma		Yes
SRR827653	Williams 82	http://www.ebi.ac.uk/efo/EFO_0007023	early maturation stage		Glycine max	http://purl.obolibrary.org/obo/NCBITaxon_3847	axis parenchyma		early maturation stage		axis parenchyma		Yes
SRR827654	Williams 82	http://www.ebi.ac.uk/efo/EFO_0007023	early maturation stage		Glycine max	http://purl.obolibrary.org/obo/NCBITaxon_3847	axis parenchyma		early maturation stage		axis parenchyma		Yes
SRR827655	Williams 82	http://www.ebi.ac.uk/efo/EFO_0007023	early maturation stage		Glycine max	http://purl.obolibrary.org/obo/NCBITaxon_3847	axis parenchyma		early maturation stage		axis parenchyma		Yes
SRR827656	Williams 82	http://www.ebi.ac.uk/efo/EFO_0007023	early maturation stage		Glycine max	http://purl.obolibrary.org/obo/NCBITaxon_3847	axis parenchyma		early maturation stage		axis parenchyma		Yes
SRR827657	Williams 82	http://www.ebi.ac.uk/efo/EFO_0007023	early maturation stage		Glycine max	http://purl.obolibrary.org/obo/NCBITaxon_3847	axis vasculature		early maturation stage		axis vasculature		Yes
SRR827658	Williams 82	http://www.ebi.ac.uk/efo/EFO_0007023	early maturation stage		Glycine max	http://purl.obolibrary.org/obo/NCBITaxon_3847	axis vasculature		early maturation stage		axis vasculature		Yes
SRR827659	Williams 82	http://www.ebi.ac.uk/efo/EFO_0007023	early maturation stage		Glycine max	http://purl.obolibrary.org/obo/NCBITaxon_3847	axis vasculature		early maturation stage		axis vasculature		Yes
SRR827660	Williams 82	http://www.ebi.ac.uk/efo/EFO_0007023	early maturation stage		Glycine max	http://purl.obolibrary.org/obo/NCBITaxon_3847	axis vasculature		early maturation stage		axis vasculature		Yes
SRR827661	Williams 82	http://www.ebi.ac.uk/efo/EFO_0007023	early maturation stage		Glycine max	http://purl.obolibrary.org/obo/NCBITaxon_3847	axis vasculature		early maturation stage		axis vasculature		Yes
SRR827662	Williams 82	http://www.ebi.ac.uk/efo/EFO_0007023	early maturation stage		Glycine max	http://purl.obolibrary.org/obo/NCBITaxon_3847	axis vasculature		early maturation stage		axis vasculature		Yes
SRR827663	Williams 82	http://www.ebi.ac.uk/efo/EFO_0007023	early maturation stage		Glycine max	http://purl.obolibrary.org/obo/NCBITaxon_3847	axis vasculature		early maturation stage		axis vasculature		Yes
SRR827664	Williams 82	http://www.ebi.ac.uk/efo/EFO_0007023	early maturation stage		Glycine max	http://purl.obolibrary.org/obo/NCBITaxon_3847	axis vasculature		early maturation stage		axis vasculature		Yes
SRR827665	Williams 82	http://www.ebi.ac.uk/efo/EFO_0007023	early maturation stage		Glycine max	http://purl.obolibrary.org/obo/NCBITaxon_3847	axis vasculature		early maturation stage		axis vasculature		Yes
SRR827666	Williams 82	http://www.ebi.ac.uk/efo/EFO_0007023	early maturation stage		Glycine max	http://purl.obolibrary.org/obo/NCBITaxon_3847	cotyledon abaxial epidermis	http://purl.obolibrary.org/obo/PO_0006057	early maturation stage		cotyledon abaxial epidermis	http://purl.obolibrary.org/obo/PO_0006057	Yes
SRR827667	Williams 82	http://www.ebi.ac.uk/efo/EFO_0007023	early maturation stage		Glycine max	http://purl.obolibrary.org/obo/NCBITaxon_3847	cotyledon abaxial epidermis	http://purl.obolibrary.org/obo/PO_0006057	early maturation stage		cotyledon abaxial epidermis	http://purl.obolibrary.org/obo/PO_0006057	Yes
SRR827668	Williams 82	http://www.ebi.ac.uk/efo/EFO_0007023	early maturation stage		Glycine max	http://purl.obolibrary.org/obo/NCBITaxon_3847	cotyledon abaxial epidermis	http://purl.obolibrary.org/obo/PO_0006057	early maturation stage		cotyledon abaxial epidermis	http://purl.obolibrary.org/obo/PO_0006057	Yes
SRR827669	Williams 82	http://www.ebi.ac.uk/efo/EFO_0007023	early maturation stage		Glycine max	http://purl.obolibrary.org/obo/NCBITaxon_3847	cotyledon abaxial epidermis	http://purl.obolibrary.org/obo/PO_0006057	early maturation stage		cotyledon abaxial epidermis	http://purl.obolibrary.org/obo/PO_0006057	Yes
SRR827670	Williams 82	http://www.ebi.ac.uk/efo/EFO_0007023	early maturation stage		Glycine max	http://purl.obolibrary.org/obo/NCBITaxon_3847	cotyledon abaxial epidermis	http://purl.obolibrary.org/obo/PO_0006057	early maturation stage		cotyledon abaxial epidermis	http://purl.obolibrary.org/obo/PO_0006057	Yes
SRR827671	Williams 82	http://www.ebi.ac.uk/efo/EFO_0007023	early maturation stage		Glycine max	http://purl.obolibrary.org/obo/NCBITaxon_3847	cotyledon abaxial epidermis	http://purl.obolibrary.org/obo/PO_0006057	early maturation stage		cotyledon abaxial epidermis	http://purl.obolibrary.org/obo/PO_0006057	Yes
SRR827672	Williams 82	http://www.ebi.ac.uk/efo/EFO_0007023	early maturation stage		Glycine max	http://purl.obolibrary.org/obo/NCBITaxon_3847	cotyledon vasculature		early maturation stage		cotyledon vasculature		Yes
SRR827673	Williams 82	http://www.ebi.ac.uk/efo/EFO_0007023	early maturation stage		Glycine max	http://purl.obolibrary.org/obo/NCBITaxon_3847	cotyledon vasculature		early maturation stage		cotyledon vasculature		Yes
SRR827674	Williams 82	http://www.ebi.ac.uk/efo/EFO_0007023	early maturation stage		Glycine max	http://purl.obolibrary.org/obo/NCBITaxon_3847	cotyledon vasculature		early maturation stage		cotyledon vasculature		Yes
SRR827675	Williams 82	http://www.ebi.ac.uk/efo/EFO_0007023	early maturation stage		Glycine max	http://purl.obolibrary.org/obo/NCBITaxon_3847	endosperm	http://purl.obolibrary.org/obo/PO_0009089	early maturation stage		endosperm	http://purl.obolibrary.org/obo/PO_0009089	Yes
SRR827676	Williams 82	http://www.ebi.ac.uk/efo/EFO_0007023	early maturation stage		Glycine max	http://purl.obolibrary.org/obo/NCBITaxon_3847	endosperm	http://purl.obolibrary.org/obo/PO_0009089	early maturation stage		endosperm	http://purl.obolibrary.org/obo/PO_0009089	Yes
SRR827677	Williams 82	http://www.ebi.ac.uk/efo/EFO_0007023	early maturation stage		Glycine max	http://purl.obolibrary.org/obo/NCBITaxon_3847	hilum	http://purl.obolibrary.org/obo/PO_0020063	early maturation stage		hilum	http://purl.obolibrary.org/obo/PO_0020063	Yes
SRR827678	Williams 82	http://www.ebi.ac.uk/efo/EFO_0007023	early maturation stage		Glycine max	http://purl.obolibrary.org/obo/NCBITaxon_3847	hilum	http://purl.obolibrary.org/obo/PO_0020063	early maturation stage		hilum	http://purl.obolibrary.org/obo/PO_0020063	Yes
SRR827679	Williams 82	http://www.ebi.ac.uk/efo/EFO_0007023	early maturation stage		Glycine max	http://purl.obolibrary.org/obo/NCBITaxon_3847	hilum	http://purl.obolibrary.org/obo/PO_0020063	early maturation stage		hilum	http://purl.obolibrary.org/obo/PO_0020063	Yes
SRR827680	Williams 82	http://www.ebi.ac.uk/efo/EFO_0007023	early maturation stage		Glycine max	http://purl.obolibrary.org/obo/NCBITaxon_3847	hilum	http://purl.obolibrary.org/obo/PO_0020063	early maturation stage		hilum	http://purl.obolibrary.org/obo/PO_0020063	Yes
SRR827681	Williams 82	http://www.ebi.ac.uk/efo/EFO_0007023	early maturation stage		Glycine max	http://purl.obolibrary.org/obo/NCBITaxon_3847	root tip	http://purl.obolibrary.org/obo/PO_0000025	early maturation stage		root tip	http://purl.obolibrary.org/obo/PO_0000025	Yes
SRR827682	Williams 82	http://www.ebi.ac.uk/efo/EFO_0007023	early maturation stage		Glycine max	http://purl.obolibrary.org/obo/NCBITaxon_3847	root tip	http://purl.obolibrary.org/obo/PO_0000025	early maturation stage		root tip	http://purl.obolibrary.org/obo/PO_0000025	Yes
SRR827683	Williams 82	http://www.ebi.ac.uk/efo/EFO_0007023	early maturation stage		Glycine max	http://purl.obolibrary.org/obo/NCBITaxon_3847	root tip	http://purl.obolibrary.org/obo/PO_0000025	early maturation stage		root tip	http://purl.obolibrary.org/obo/PO_0000025	Yes
SRR827684	Williams 82	http://www.ebi.ac.uk/efo/EFO_0007023	early maturation stage		Glycine max	http://purl.obolibrary.org/obo/NCBITaxon_3847	root tip	http://purl.obolibrary.org/obo/PO_0000025	early maturation stage		root tip	http://purl.obolibrary.org/obo/PO_0000025	Yes
SRR827685	Williams 82	http://www.ebi.ac.uk/efo/EFO_0007023	early maturation stage		Glycine max	http://purl.obolibrary.org/obo/NCBITaxon_3847	root tip	http://purl.obolibrary.org/obo/PO_0000025	early maturation stage		root tip	http://purl.obolibrary.org/obo/PO_0000025	Yes
SRR827686	Williams 82	http://www.ebi.ac.uk/efo/EFO_0007023	early maturation stage		Glycine max	http://purl.obolibrary.org/obo/NCBITaxon_3847	root tip	http://purl.obolibrary.org/obo/PO_0000025	early maturation stage		root tip	http://purl.obolibrary.org/obo/PO_0000025	Yes
SRR827687	Williams 82	http://www.ebi.ac.uk/efo/EFO_0007023	early maturation stage		Glycine max	http://purl.obolibrary.org/obo/NCBITaxon_3847	seed coat hourglass		early maturation stage		seed coat hourglass		Yes
SRR827688	Williams 82	http://www.ebi.ac.uk/efo/EFO_0007023	early maturation stage		Glycine max	http://purl.obolibrary.org/obo/NCBITaxon_3847	seed coat hourglass		early maturation stage		seed coat hourglass		Yes
SRR827689	Williams 82	http://www.ebi.ac.uk/efo/EFO_0007023	early maturation stage		Glycine max	http://purl.obolibrary.org/obo/NCBITaxon_3847	seed coat hourglass		early maturation stage		seed coat hourglass		Yes
SRR827690	Williams 82	http://www.ebi.ac.uk/efo/EFO_0007023	early maturation stage		Glycine max	http://purl.obolibrary.org/obo/NCBITaxon_3847	seed coat hourglass		early maturation stage		seed coat hourglass		Yes
SRR827691	Williams 82	http://www.ebi.ac.uk/efo/EFO_0007023	early maturation stage		Glycine max	http://purl.obolibrary.org/obo/NCBITaxon_3847	seed coat hourglass		early maturation stage		seed coat hourglass		Yes
SRR827692	Williams 82	http://www.ebi.ac.uk/efo/EFO_0007023	early maturation stage		Glycine max	http://purl.obolibrary.org/obo/NCBITaxon_3847	seed coat hourglass		early maturation stage		seed coat hourglass		Yes
SRR827693	Williams 82	http://www.ebi.ac.uk/efo/EFO_0007023	early maturation stage		Glycine max	http://purl.obolibrary.org/obo/NCBITaxon_3847	seed coat palisade		early maturation stage		seed coat palisade		Yes
SRR827694	Williams 82	http://www.ebi.ac.uk/efo/EFO_0007023	early maturation stage		Glycine max	http://purl.obolibrary.org/obo/NCBITaxon_3847	seed coat palisade		early maturation stage		seed coat palisade		Yes
SRR827695	Williams 82	http://www.ebi.ac.uk/efo/EFO_0007023	early maturation stage		Glycine max	http://purl.obolibrary.org/obo/NCBITaxon_3847	seed coat palisade		early maturation stage		seed coat palisade		Yes
SRR827696	Williams 82	http://www.ebi.ac.uk/efo/EFO_0007023	early maturation stage		Glycine max	http://purl.obolibrary.org/obo/NCBITaxon_3847	seed coat palisade		early maturation stage		seed coat palisade		Yes
SRR827697	Williams 82	http://www.ebi.ac.uk/efo/EFO_0007023	early maturation stage		Glycine max	http://purl.obolibrary.org/obo/NCBITaxon_3847	seed coat parenchyma		early maturation stage		seed coat parenchyma		Yes
SRR827698	Williams 82	http://www.ebi.ac.uk/efo/EFO_0007023	early maturation stage		Glycine max	http://purl.obolibrary.org/obo/NCBITaxon_3847	seed coat parenchyma		early maturation stage		seed coat parenchyma		Yes
